{"global_step": 428, "Train/ACC": 0.940504789352417, "Train/Loss": 74.50033569335938, "Train/LL": 0.1551031768321991, "Train/KL": 74.34523010253906, "Train/H": 4088987.5, "epoch": 0, "_step": 8, "_runtime": 60, "_timestamp": 1603181491, "Val/ACC": 0.9610453844070435, "Val/LL": 0.13054610788822174, "Val/KL": 74.46483612060547, "Val/Loss": 74.59538269042969}