{"global_step": 349, "Train/ACC": 0.9537259340286255, "Train/Loss": 74.42240142822266, "Train/LL": 0.13568145036697388, "Train/KL": 74.2867202758789, "epoch": 0, "_step": 6, "_runtime": 43, "_timestamp": 1603181196}