{"global_step": 2144, "Train/ACC": 0.9765625, "Train/LL": 0.13458332419395447, "Train/KL": 75.77153778076172, "Train/Loss": 75.90612030029297, "Train/H": 4167434.75, "epoch": 4, "_step": 51, "_runtime": 265, "_timestamp": 1603182802, "Val/ACC": 0.9643275141716003, "Val/LL": 0.129797101020813, "Val/KL": 75.60969543457031, "Val/Loss": 75.73949432373047, "Train_Epoch/ACC": 0.9859943985939026, "Train_Epoch/LL": 0.04345124587416649, "Train_Epoch/KL": 76.47447204589844, "Train_Epoch/Loss": 76.51793670654297, "Train_Epoch/H": 4206096.5}