{"global_step": 99, "Train/ACC": 0.8984375, "Train/Loss": 72.54948425292969, "Train/LL": 0.3202551603317261, "Train/KL": 72.22923278808594, "epoch": 0, "_step": 1, "_runtime": 14, "_timestamp": 1603181129}